Samsung Galaxy M51 ,22999,4.4
Redmi 9 Power ,10999,3.7
Samsung Galaxy M31 Prime Edition ,15999,4.2
Redmi 9 Power ,10999,3.7
Redmi 9 Power ,10999,3.7
Redmi 9A ,6999,4.1
Redmi Note 9 Pro ,12999,4.2
Samsung Galaxy M31 ,15999,4.2
Samsung Galaxy M21 ,12499,4.2
Redmi 9 Power ,10999,3.7
Redmi Note 9 Pro Max ,14999,4.1
Redmi Note 9 Pro ,12999,4.2
Redmi 9A ,6999,4.1
Samsung Galaxy M31s ,17999,4.3
Redmi 9A ,6999,4.1
Redmi 9 ,8999,4.0
Samsung Galaxy M21 ,12499,4.2
Samsung Galaxy M02s ,9999,4.1
Redmi Note 9 Pro Max ,14999,4.4
Samsung Galaxy M51 ,22999,4.2
Redmi 9 Prime ,9499,4.3
Samsung Galaxy M31s ,17999,4.1
Redmi Note 9 Pro Max ,17499,4.2
Redmi Note 9 Pro ,13999,4.4
Samsung Galaxy M51 ,22999,4.4
Samsung Galaxy M02s ,8999,4.0
Redmi 8A Dual ,7999,4.2
Redmi Note 9 Pro ,13999,4.2
Redmi Note 9 Pro ,12999,4.4
Samsung Galaxy M51 ,24999,4.1
Redmi Note 9 Pro Max ,17499,4.1
Redmi 9A ,7499,4.0
Redmi 9 ,8999,4.2
Samsung Galaxy M31 ,15999,4.0
Redmi 9 ,8999,4.4
Samsung Galaxy M02s ,9999,4.1
Samsung Galaxy M51 ,24999,4.3
Redmi Note 9 Pro Max ,14999,3.7
Samsung Galaxy M31s ,19999,4.2
Redmi 9 Power ,11999,4.2
Samsung Galaxy M21 ,14499,4.4
Samsung Galaxy M02s ,9999,4.2
Redmi Note 9 Pro ,12999,3.7
Samsung EVO Plus 64GB microSDXC UHS-I 100MB/s Full HD & 4K UHD Memory Card with Adapter ,679,4.0
Redmi Note 9 ,11999,3.7
Redmi 9 Power ,11999,3.4
Samsung Galaxy M51 ,22999,4.4
Samsung EVO Plus 128GB microSDXC UHS-I U3 100MB/s Full HD & 4K UHD Memory Card with Adapter ,1329,4.4
Samsung Galaxy M21 ,14499,4.2
Redmi 20000mAh Li-Polymer Power Bank ,1199,4.1
Samsung Galaxy M31s ,19999,4.3
Redmi Earbuds S ,1299,3.5
Redmi Note 9 Pro Max ,14999,4.1
Redmi Note 9 ,11999,4.2
Redmi Note 9 Pro ,13999,4.2
Samsung Galaxy M02s ,8999,4.2
Redmi 9 Prime ,10999,4.1
Redmi 10000 mAh Fast Charging Slim Power Bank ,699,4.2
Samsung EHS64 EHS64AVFBECINU Hands-Free with Remote Note ,399,4.2
Redmi 9 Prime ,10999,4.1
Redmi Note 9 Pro Max ,17499,3.4
Samsung Galaxy M01 Core ,4999,4.2
Samsung Galaxy M02s ,8999,3.4
Redmi Note 9 ,13999,4.2
Samsung Galaxy M01 Core ,4999,4.4
Samsung Guru Music 2 ,1900,4.0
Samsung EVO Plus 32GB microSDHC UHS-I U1 95MB/s Full HD Memory Card with Adapter ,419,3.6
Redmi 8A Dual ,7999,4.2
Samsung Original Level U Bluetooth Wireless in-Ear Headphones ,2299,4.2
Samsung Galaxy M51 ,22999,4.4
Redmi Note 9 ,11999,4.2
Redmi 9 Power ,11999,3.7
Samsung Guru Music 2 ,1709,4.2
Samsung Galaxy M01 Core ,5999,3.4
Samsung Guru 1200 ,1330,4.2
Samsung Guru 1200 ,1398,4.2
Samsung Guru Music 2 ,1709,4.2
Samsung Original EP-TA20IWECGIN Type C Fast Charger ,949,4.1
Samsung Guru 1200 ,1358,4.2
Redmi 9 Prime ,9499,4.2
Redmi Note 9 ,11999,4.2
Samsung EP-DG930IBEGIN Type C USB Cable - 3.28 Feet ,499,4.2
Redmi 9 ,9999,4.0
Redmi 20000mAh Li-Polymer Power Bank ,1199,4.1
Samsung Guru 1200 ,1375,4.2
Redmi Note 9 ,13999,4.2
Redmi Note 9 ,13999,4.2
Redmi Note 9 ,12999,4.2
Samsung Guru FM Plus ,1449,4.1
Samsung Galaxy M01s ,8999,4.1
Redmi Note 9 ,12999,4.2
Samsung EB-P1100BSNGIN 10000mAH Lithium Ion Power Bank ,1299,4.0
Samsung EVO Plus 256GB microSDXC UHS-I U3 100MB/s Full HD & 4K UHD Memory Card with Adapter ,2999,4.4
Samsung Guru FM Plus ,1449,4.1
Samsung Galaxy M51 ,22999,4.4
Samsung Galaxy A51 ,20999,4.2
Samsung Galaxy M31 ,15499,4.2
Samsung Galaxy Watch ,19990,4.2
Samsung Galaxy M31 ,15499,4.2
Samsung Galaxy M01 Core ,4999,3.4
Samsung Galaxy Watch Active 2 ,18624,4.3
Samsung Galaxy A71 ,27499,4.2
Redmi Note 9 ,11999,4.2
Redmi Note 9 ,12999,4.2
Redmi Note 9 ,12999,4.2
Samsung Original EO-HS130DBEGIN in -Ear Volume Control Handsfree ,549,3.7
Redmi 10000 mAH Li-Polymer Power Bank ,699,4.1
Samsung Guru FM Plus ,1449,4.1
Samsung Galaxy Buds+ ,8989,4.1
Samsung Original Level U in-ear Bluetooth Headphones ,2490,3.6
Samsung EVO Plus 64GB microSDXC UHS-I U3 100MB/s Full HD & 4K UHD Memory Card with Adapter ,799,4.4
Mi Redmi 6A ,6840,4.2
Samsung Galaxy A51 ,20999,4.2
Samsung Galaxy A31 ,17999,4.0
Samsung Galaxy A21s ,14999,3.6
Samsung Wireless Powerbank 10000mAh ,3399,3.9
Samsung Galaxy A31 ,17999,4.0
Samsung Metro 313 ,2305,4.1
Samsung Galaxy A51 ,22499,4.0
Samsung Galaxy M51 ,22999,4.4
Samsung Galaxy S21 Ultra 5G ,106989,4.0
Redmi 8A Dual ,7999,4.0
Samsung Galaxy A51 ,22499,4.3
Samsung Galaxy Watch Active 2 ,18239,4.1
Samsung Metro 313 ,2340,3.6
Samsung Galaxy A21s ,14999,4.2
Samsung Galaxy Watch 3 45mm Bluetooth ,31003,4.0
Samsung Galaxy A31 ,17999,3.8
Samsung Galaxy Buds Live ,11990,3.6
Samsung Galaxy A21s ,14999,4.1
Samsung Galaxy M01s ,8999,4.4
Samsung EVO Plus 512GB microSDXC UHS-I U3 100MB/s Full HD & 4K UHD Memory Card with Adapter ,6999,3.1
Samsung headphone EHS61ASFWE ,344,3.8
Redmi 9i ,1749,4.4
Samsung EVO Plus 128GB microSDXC UHS-I U3 100MB/s Full HD & 4K UHD Memory Card with Adapter ,38999,4.6
Samsung Galaxy S10 Lite ,8990,4.3
Redmi Y2 ,36999,4.1
Samsung Galaxy Note10 Lite ,35300,4.0
Samsung Galaxy S10 Lite ,22499,4.0
Samsung Galaxy A51 ,11990,3.8
Samsung Galaxy Buds Live ,2699,3.3
Galaxy SmartTag ,16999,4.0
Samsung Galaxy M51 ,22999,4.4
,105999,3.3
Samsung Galaxy S21 Ultra 5G ,8348,3.8
Redmi 9i ,2340,4.0
Redmi 8A Dual ,9990,4.1
Samsung Metro 313 ,26990,4.3
Redmi Y2 ,34849,4.3
Samsung Galaxy Watch Active 2 ,22990,4.2
Samsung Galaxy S10 Lite ,999,3.8
Redmi 9i ,9999,4.0
Samsung Galaxy A70s ,15999,4.0
Samsung Original EP-TA20IWEUGIN Travel Adapter ,28990,4.3
Redmi Y2 ,21999,4.3
Redmi Note 8 Pro ,36999,4.3
Samsung Galaxy Watch Active 2 ,499,4.0
Redmi Poco C3 ,459,4.3
Samsung Galaxy Watch Active 2 ,458,4.1
Samsung Galaxy Note10 Lite ,599,4.7
SAMSUNG 32GB EVO Plus Grade 1 CLASS-10 ,28990,4.0
Redmi Poco C3 ,917,4.2
Samsung Galaxy M51 ,24999,4.4
Samsung Galaxy A21s ,17499,3.6
,16498,1.7
Redmi 9i ,40999,3.8
Samsung Galaxy A21s ,69999,3.6
Samsung Galaxy S20 FE ,599,3.3
Samsung Galaxy S21 5G ,834,3.9
Samsung EO-HS130DWEGIN Stereo Headset ,9897,4.2
Samsung EVO Plus Class 10 64GB MicroSD 80 MB/S Memory Card with SD Adapter ,919,4.3
Redmi Y2 ,1299,4.3
SAMSUNG TA13 Charger,22999,2.5
,829,3.1
,105999,3.8
Samsung EB-BJ700CBNGIN Mobile Battery,12999,4.2
Redmi 9i ,7388,3.3
Samsung Galaxy S21 Ultra 5G ,8348,4.0
Redmi Mi Note 6 Pro ,40999,3.3
,40999,3.3
Redmi 8A Dual ,27499,4.2
Samsung Galaxy S20 FE ,989,3.5
Samsung Galaxy S20 FE ,28999,4.4
Samsung Galaxy A71 ,16498,3.6
Samsung Galaxy M51 ,22999,4.4
Samsung Handsfree HS-130 In -Ear Volume Control Handsfree Sky Blue,11999,3.6
Redmi Y2 ,640,4.3
Redmi Poco C3 ,17499,4.0
Redmi Poco C3 ,10990,4.0
Samsung Galaxy Watch Leather Strap Urban Traveler 20mm,38999,3.2
Samsung Galaxy A21s ,38988,3.6
Samsung Galaxy Buds Live ,17999,3.8
Samsung Galaxy S10 Lite ,34999,4.5
Samsung Galaxy S10 Lite ,105999,4.2
Samsung Galaxy M30 ,104999,4.1
,39990,4.0
Samsung Galaxy Note10 Lite ,24490,4.1
Samsung Galaxy S21 Ultra 5G ,21990,4.1
Samsung Galaxy Note 20 Ultra 5G ,11499,4.5
Samsung Galaxy S10 Lite ,9890,1.7
,24999,3.7
Samsung EO-EG920BBEGIN Earphone With Mic - Dark Blue,1148,4.3
Samsung Galaxy M51 ,24999,4.4
Samsung EB-BG360CBNGIN 2000mAH Battery for Galaxy J2,707,3.2
,9499,3.3
Redmi Poco C3 ,82989,4.0
Samsung Galaxy S21 Plus 5G ,149998,3.7
Samsung EO-EG920BBEGIN Earphone With Mic - Dark Blue,18799,4.5
Samsung Galaxy Z Fold2 5G ,19300,4.2
Samsung Galaxy Active 2 Watch -Aluminium 44 mm ,5593,4.2
Samsung Galaxy Watch ,40999,4.0
Redmi Poco C3 ,23990,2.8
,6999,2.9
,73999,3.3
Samsung Galaxy S20 FE ,13828,4.3
Samsung Galaxy Watch Active 2 ,849,1.0
,17945,4.1
Samsung Galaxy S21 5G ,16499,5.0
Samsung EB-P1100BPNGIN 10000mAH Lithium Ion Power Bank ,23199,4.0
Samsung Galaxy Tab A 10.1 ,6999,4.6
Samsung Galaxy M51 ,22999,4.4
,6999,3.3
Samsung EB-P1100BPNGIN 10000mAH Lithium Ion Power Bank ,73999,4.1
Samsung Galaxy J2 Core ,17499,4.0
Samsung Galaxy S21 5G ,19990,3.6
Samsung Galaxy A21s ,28490,4.1
Samsung Galaxy A50s ,24999,4.3
Samsung Galaxy Watch Active 2 ,6999,3.2
,8348,1.0
,699,4.0
Redmi 8A Dual ,24265,4.1
Samsung Galaxy A50s ,104999,3.4
Samsung SM-G530SM-G531F Grand Prime/J210F/J2 ,1399,2.9
,49998,4.1
Samsung Galaxy Note 20 Ultra 5G ,1048,2.7
,1910,4.2
Samsung Galaxy S10 ,2199,4.2
Samsung Galaxy A8+ ,2299,4.1
Redmi 10000 mAh Power Bank with Redmi Wired Earphone ,28500,4.6
Samsung Galaxy M51 ,24999,4.4
SAMSUNG Gear S3 Frontier Smartwatch,28500,4.5
,1448,3.1
Samsung EP-TA20IWECGIN Type C Fast Charger ,699,5.0
Samsung G7102 Mobile Battery For Samsung Galaxy Grand 2,49999,3.5
Samsung Galaxy S10 ,299,4.2
Samsung Galaxy Note 5 Glitter Protective Back Cover Case ,1180,4.5
SAMSUNG ITFIT BE7 Wireless Sports Earphone Black & RED,13999,3.1
,14995,2.6
,590,3.5
Samsung EO-HS130DBEGIN Stereo Headset ,3699,3.6
Samsung EVO Plus Grade 3 Class 10 256GB MicroSDXC 100 MB/S Memory Card with SD Adapter ,15292,4.4
,149998,2.8
Redmi 9i ,1048,3.8
,86989,5.0
Samsung Galaxy Z Fold2 5G ,699,4.5
Redmi 10000 mAh Power Bank with Redmi Wired Earphone ,70149,4.1
Samsung Galaxy S21 Plus 5G ,73999,3.4
Samsung Eb425161Lu 1500Mah Battery for Galaxy S Duos S7562,699,4.3
Samsung Galaxy S10 Plus SM-G975FCWHINS ,798,5.0
,13290,3.6
Samsung Galaxy M51 ,22999,4.4
Samsung Galaxy S21 Plus 5G ,86989,2.8
,17999,3.6
Samsung EO-HS130DBEGIN Stereo Headset ,590,3.6
samsung Galaxy S2 I9100 EB-F1A2GBU Battery,699,3.1
,12999,4.3
Redmi Y2 ,658,3.6
Samsung Hands-free Earphone with Mic for Samsung Galaxy Grand Duos S4 S5 Note 3 BlackBerry Nokia Apple HTC Karbonn Micromax ,3499,4.6
Samsung Galaxy S20 Case S-View Flip Cover - Gray ,699,3.1
Samsung Galaxy Grand Neo GT-I9060 BATTERY 2100mAh,12999,2.6
,6999,3.0
,7343,2.5
,20820,2.9
,699,3.5
,13995,3.2
Samsung EB535163LU 2100mAh Battery for Galaxy Grand OEM,299,4.3
,599,3.5
Samsung Flip Cover Galaxy S4 ,999,3.8
SAMSUNG Battery for GT-S5360 ,74480,3.6
Samsung EB-BG900BBEGIN 2800mAH Battery for Galaxy S5,799,3.9
Samsung Galaxy Z Flip ,26999,4.2
,17280,4.4
Samsung Galaxy M51 ,24999,4.4
,9999,1.0
Samsung Galaxy S21 Plus 5G ,82989,4.4
,9990,3.6
Samsung Galaxy S21 Plus 5G ,81999,2.9
Samsung Galaxy Note 10 ,73600,2.5
,18499,4.1
,20490,4.6
,5999,4.5
Samsung Galaxy A8 Star ,24990,5.0
Samsung Galaxy S21 5G ,73999,3.3
Samsung 64GB EVO Plus Class 10 Micro SDXC with Adapter 80mb/s,870,4.7
Samsung 256GB MicroSD EVO Plus Series 100MB/s ,3799,3.6
,7208,4.0
,599,4.0
Samsung 32GB EVO Plus Class 10 Micro SDHC with Adapter ,539,1.0
,23490,3.4
Samsung Galaxy A70s ,54999,3.1
Redmi Xiaomi Mi Note 7 Pro PHONE ,599,4.1
,20900,3.4
,13890,4.1
Samsung Galaxy M51 ,22999,4.4
Samsung EVO Plus 32GB microSDHC UHS-I U1 95MB/s Full HD Memory Card with Adapter ,605,4.7
Samsung Galaxy A8+ A730F ,24490,4.2
,24435,4.1
Samsung Galaxy Note10 Lite ,42998,3.8
,13990,5.0
Samsung Galaxy Z Flip ,75050,5.0
,29130,4.3
Samsung Galaxy Watch Active 2 ,15498,4.2
Samsung Galaxy Tab A 10.1 ,1799,1.0
Samsung EVO Plus Class 10 128GB MicroSD 80 MB/S Memory Card with SD Adapter ,7399,3.3
,499,4.7
,69999,4.1
Samsung Galaxy Note 5 Case S-View Flip Cover ,16500,3.6
Samsung Galaxy S21 5G ,19580,4.7
Samsung Galaxy A30s ,1899,4.1
,13990,3.1
Samsung 128 GB MicroSDXC EVO Plus Memory Card w/Adapter for use in Cameras Laptops and Desktop,729,4.1
Redmi Mi Xiaomi Note 6 Pro Phone ,20650,3.6
Samsung 2600 mAh Battery for Galaxy J5 SM-J500F EB-BG530BBC Replacement Part Mobile Phone Accessory,85999,4.1
Redmi K20 ,3789,3.0
Samsung Galaxy M51 ,22999,4.4
Samsung Galaxy Watch Active 2 ,32490,4.3
Samsung Galaxy Note 20 ,77999,3.9
Samsung Galaxy S21 Plus 5G ,86989,3.7
Samsung Galaxy Note 10Lite S-View Wallet Cover ,2790,4.2
Samsung EO-IC100BBEGUS Corded Type-C Earphones Black,6999,1.7
,38249,4.6
Samsung 256GB EVO Plus Class 10 UHS-I microSDXC U3 with Adapter ,3699,3.5
Samsung EB-BG360CBNGIN Mobile Battery,699,4.7
Samsung MicroSDXC EVO Plus Memory Card w/ Adapter 128 GB New Version Memory Card Launched In 2020Includes full size adapter for use in cameras laptops and desktop computerslatest 4K UHD video-enabled smartphones tablets and Action cameras & Drone,1910,4.5
Samsung Galaxy Buds with Charging Case - Black,7999,3.6
Samsung Galaxy Z Flip ,84999,3.0
,26599,4.0
Samsung Galaxy A2 Core ,699,4.0
Samsung Galaxy A70s ,20900,2.9
Samsung Battery for Galaxy S3 ,899,4.1
Samsung Galaxy A50s ,5519,3.3
,81999,4.3
Samsung J7 J710 Cell Phone Battery EB-BJ710CBE,53000,4.1
Samsung Galaxy A6 Plus ,699,2.5
Samsung Galaxy M51 ,22999,4.4
Samsung Galaxy Note10 Lite ,42998,4.1
Samsung Galaxy S21 Plus 5G ,85999,4.4
Samsung Evo Plus 256GB UHS-I Micro SDXC Memory Card ,3999,4.8
Samsung Evo Plus Class 10 UHS-I microSDXC U3 with Adapter ,1910,2.9
Samsung EO HS130DBEGIN Stereo Headset ,598,3.2
,14999,4.3
Samsung Galaxy Watch Active 2 ,21630,3.8
,12880,4.1
Samsung Galaxy Watch Active ,18490,3.2
,30600,2.8
,2223,3.0
,8399,3.9
Samsung Galaxy Z Flip 256GB ,81949,5.0
Samsung Galaxy S10 Lite ,36800,4.7
Samsung Galaxy J5 Wallet EF-WJ500BWEGIN Flip Cover Case ,399,4.6
Samsung 64 GB MicroSDXC EVO Plus Memory Card w/Adapter for cameras laptops and desktop,849,2.7
Samsung Galaxy Watch 4.6 cm 46 mm SM-R800 Bluetooth Version,19700,4.1
,31488,4.0
Redmi K20 ,1399,3.4
Samsung Galaxy A70 Wallet Cover Black,12499,4.3
,1837,4.0
Samsung USB-C Data Charging Cable for Galaxy S9/S9+/Note 9/S8/S8+ - Black EP-DG950CBE- - Bulk Packaging,4999,2.5
Samsung Galaxy M51 ,22999,4.4
Sumsung S-View Fabric Cover for Galaxy S6 ,489,2.0
Mi Xiaomi Redmi Note 6 Pro ,11999,4.3
,19123,3.7
Sumsung S-View Fabric Cover for Galaxy S6 ,1399,3.8
Samsung Galaxy S20 + ,62449,3.9
Samsung Galaxy S20 Ultra ,95845,4.0
Samsung Galaxy A70s ,22990,4.0
Samsung Galaxy A7 2017 ,2299,4.0
Samsung OEM Wired 3.5mm Headset EG920LW for Galaxy Phones ,2193,3.6
Samsung 128GB EVO Plus Class 10 Micro SDXC with Adapter ,599,4.0
Samsung Battery for Galaxy Star Pro S7262,17999,4.1
Samsung Galaxy A2 Core ,85999,4.2
Samsung Galaxy Watch Active ,850,4.5
Samsung Galaxy S21 Plus,18499,3.8
Samsung 32GB EVO Plus Class 10 Micro SDHC with Adapter 80mb/s ,699,4.1
Samsung Galaxy Active 2 - Aluminium 44 mm ,2248,4.5
,22990,3.1
Samsung Galaxy Note N7000 Battery EB615268VUCINU,299,4.0
Samsung EB-P1100BSNGIN 10000mAH Lithium Ion Power Bank ,8348,4.3
Samsung Galaxy M51 ,24999,4.4
Samsung 15W Fast Charge 2.0 Wireless Charger Stand - Black ,11999,4.7
,19999,3.8
Samsung Wireless Charger Duo Pad Fast Charge 2.0 ,13999,4.3
,18999,3.2
,39999,3.4
,699,3.4
Samsung EB-L1G6LLU Battery For Galaxy S3 S 3 S III i9300,115990,3.5
Redmi 10T 5G Phone 6GB+128GB Cosmic Black,14999,3.5
Samsung Galaxy Fold ,699,3.5
,29990,3.1
Samsung Galaxy S4 i9500 Battery B600BC GT-i9500 2600 mAh,29000,3.8
Samsung Galaxy Watch 3 41mm Stainless Steel Bluetooth ,42999,3.4
Samsung Galaxy A9 ,1799,4.8
Samsung Galaxy A80 ,990,2.6
Samsung Galaxy F41 ,9728,4.4
Samsung 128 GB MicroSDXC EVO Plus Memory Card w/Adapter for cameras laptops and desktop,81999,3.6
Samsung Flip Cover for Samsung Galaxy Win I8552/Grand Quattro ,25585,3.6
Samsung EVO Plus 512GB microSDXC UHS-I U3 100MB/s Full HD & 4K UHD Memory Card with Adapter ,99998,3.3
Samsung Galaxy S21 Plus 5G ,99998,4.7
Samsung Galaxy M51 ,22999,4.4
,27630,1.0
Samsung Galaxy Watch Active 2 ,10990,4.3
Samsung Galaxy J7 SM-J700F ,9990,4.0
,799,1.0
Samsung 3000Mah Replacment Battery for J7 & ON-7,45000,2.9
,14999,3.3
,8299,3.0
,699,3.3
samsung galaxy note 9 clear view standing cover case ,24630,4.6
,899,4.0
Samsung Battery For SAMSUNG Galaxy S Advance I9070 - EB535151VU- 1500 mAh,799,4.0
Samsung Galaxy Watch Active 2 ,4499,4.3
Samsung Battery for Samsung Galaxy J7 SM-J710F,59998,2.8
Samsung Galaxy S6 Edge Internal Battery EB-BG925ABA -2600mAh in Samsung Silver Bag ,115990,1.0
Samsung Gear VR SM-R322NZWA White For S7 S7 Edge Note 5 S6 S6 Edge and S6 Edge+,21490,3.9
,24999,5.0
SAMSUNG EP-LN915UBEGIN AFC Car Charger ,5999,4.4
Samsung Galaxy Note 20 Ultra 5G with Snapdragon 865+ ,85999,4.1
Samsung Galaxy M51 ,24999,4.4
,13990,3.0
Samsung Galaxy Z Flip ,84999,3.6
Samsung Galaxy Watch Active 2 ,24630,4.3
Samsung EB425161LUCINU 1500mAH Battery for Galaxy S Duos,585,3.0
Samsung Galaxy S10e Silicone Cover ,1599,5.0
Samsung EB-BG360CBC Battery For Samsung Galaxy J2 & Samsung Galaxy Core Prime 2000 mAh,699,2.7
Redmi 8A Dual ,8348,4.0
Redmi 10T 5G Phone 6GB+128GB Lunar Silver,12999,4.6
Redmi Note 7S ,599,3.5
Samsung Battery for S5830 and S5670 ,5999,3.3
,1835,4.1
AE MOBILE ACCESSORIES Samsung Electronics 32GB EVO Micro SDHC UHS-I Upto 48MB/s Class 10 Memory Card ,599,3.0
Samsung EB464358VUC 1300mAh Battery ,2277,4.3
Samsung Galaxy Note 9 Screen Protector IQ Shield Matte Full Coverage Anti-Glare Screen Protector for Samsung Galaxy Note 9 [Case Friendly][2-Pack] Bubble-Free Film,12999,3.7
Redmi Note 7S ,14999,3.0
,9999,3.6
,115990,4.4
Samsung Galaxy Note 20 Ultra 5G with Snapdragon 865+ ,8099,4.3
,29328,3.2
Samsung Galaxy Tab S6 Lite ,15999,4.2
Samsung Galaxy M51 ,22999,4.4
Samsung Galaxy Watch Active ,14990,4.2
Samsung SSLION12 In-Ear Earphones with Mic ,10990,3.0
Samsung Galaxy Buds+ ,7999,4.0
Redmi 8A 2GB 32GB ,33499,3.5
,699,3.0
Samsung EB-B150AEBECIN 1800mAH Battery for Galaxy Core I8260 ,15284,2.9
Samsung Micro to SD Memory Card Adapter ,15993,4.0
,43500,2.8
SAMSUNG Wireless Charger Duo Fast Charge Stand and Pad Universally for Qi Enabled Phones and Selected Samsung Watches ,3800,4.5
Samsung Galaxy S8+ ,15498,3.8
Samsung EVO Plus Micro SDXC Memory Card 256GB 95MB s,84999,3.9
Samsung Galaxy Tab A 10.1 ,22238,3.6
Samsung Galaxy Z Flip ,4505,2.8
,1849,1.0
,369,4.5
Samsung EP-TA20JBEUGUS Fast Charge USB-C 15W Wall Charger for Galaxy Note 8 9 Galaxy S8 S8+ S9 S9+ S10 S10+ S10E Inbox Replacement - Retail Packaging - Black,2299,4.1
Samsung Clear Back Cover for Galaxy S6 ,8590,4.7
Samsung MicroSDXC EVO Plus Memory Card with Adapter 128 GB New Version Memory Card Launched In 2020 - Includes full size adapter,599,3.5
Samsung Galaxy M51 ,24999,4.4
Redmi Note 7S ,1848,4.2
Samsung 128GB EVO Plus Class 10 Micro SDXC with Adapter ,1599,4.7
Samsung Flip Wallet Fabric Cover for Galaxy S6 Edge ,9990,3.1
,15990,3.0
Samsung Galaxy Fit SM-R370 ,3980,4.4
,40899,3.6
Samsung Pro Plus 64GB MicroSDXC Memory Card - 95MB/s Read 90MB/s Write,16599,4.5
Samsung Galaxy ALPHA S VIEW Flip Cover White,9999,5.0
Samsung Galaxy Note10 Lite ,29799,4.1
,2682,3.8
,61148,1.0
,1910,4.3
SAMSUNG OEM Universal Micro Home Travel Charger for Samsung Galaxy S3/S4/Note 2 and More Smartphones ,585,3.8
Samsung Galaxy S9 Plus ,6578,4.8
Samsung 128GB EVO Plus Class 10 Micro SDXC with Adapter ,2499,3.4
Samsung 1200mAh Battery EB494353VUCINU,1499,4.7
Samsung Galaxy S9 Memory Card 128GB Micro SDXC Evo Plus Class 10 UHS-1 Smartphone with Everything But Stromboli ,30999,4.3
Samsung Galaxy M51 ,22999,4.4
,27459,1.0
Samsung Clear Back Cover for Galaxy S6 Edge ,1490,3.9
Samsung Clear View Cover Case for Galaxy S9 ,15999,4.6
Samsung Gear VR ,4166,4.1
Samsung Fast Charge Wireless Charging Stand W/ AFC Wall Charger ,1150,4.4
Samsung U Stereo Bluetooth Headphones in-Ear with Dual-Mic Noise Reduction Sound - Retail Black,2183,4.1
,8348,2.5
Samsung Wireless Charging Pad White,3848,4.2
Samsung Electronics 64GB PRO SDXC Upto 90MB/s Class 10 Memory Card ,1590,4.6
Samsung USB 3.0 Data Cable for Galaxy Note 3 ,9690,4.3
Samsung EVO Select MB-ME128GA/AM 128GB MicroSDXC Memory Card with Adapter,799,4.8
Redmi 8A Dual ,10990,4.0
Samsung Galaxy M51 ,22999,4.4
,18999,3.4
samsung galaxy note9 case rugged military grade protective cover with kickstand black,3399,4.6
Samsung Galaxy A7 2017 Clear View Flip Cover,20999,4.3
,2999,2.8
Samsung Gear Sport Smartwatch Black ,11345,4.3
Samsung S-View Flip Cover for Galaxy Note 4 ,2176,4.5
Samsung Flip Cover for Samsung Galaxy J6,10990,4.5
Samsung Qi Certified Fast Charge Wireless Charging Convertible Stand/Pad - US Version - Black - EP-PG950TBEGUS,49999,4.3
Samsung 5-Foot Micro USB 3.0 Charging Data Cable for Samsung Galaxy S5 and Note 3 N9000 - Non-Retail Packaging - White,420,4.1
Samsung EF-XN950ABEGUS Galaxy Note8 Alcantara Cover Black,62999,4.4
,9939,2.8
,1599,2.8
Samsung Galaxy M51 ,22999,4.4
Samsung Galaxy S7 Case S-View Flip Cover - Black,3272,4.5
Samsung Melius EF-CI920BWEGIN S-View Cover for Galaxy Mega 6.3 ,890,5.0
Samsung Gear VR w/Controller 2017/2018 SM-R325 Note9 Ready for Galaxy Note8 Note5 S8 S7 S6 ,17999,4.2
Samsung Electronics EJ-PT830BBEGUJ Galaxy Tab S4 S Pen Black,999,4.5
Samsung Galaxy Note9 Case Rugged Military Grade Protective Cover with Kickstand Silver,15499,4.6
Samsung Galaxy A7 2017 S View Standing Flip Cover Gold,2199,3.1
Samsung Wireless Charging Dock Cradle Charger for Gear S3 Classic SM-R770/Frontier SM-R760 SM-R765 ,1490,4.6
samsung clear view standing cover Flip Cover case for galaxy s8+ / s8 plus - black ,2308,4.5
Samsung Qi Certified Fast Charge Wireless Charging Pad with 2A Wall Charger -Supports wireless charging on Qi compatible smartphones including the Samsung Galaxy S8 S8+ Note 8 Apple iPhone 8 iPhone 8 Plus and iPhone X ,1694,4.2
Samsung Galaxy M51 ,24999,4.4
Samsung Gear Fit2 Pro Smart Fitness Band ,12903,4.0
Samsung Galaxy A30 ,5199,3.8
,999,5.0
Samsung Galaxy A30 Gradation Back Cover- Transparent design ,4999,2.7
,8000,4.4
galaxy s7/galaxy j7/galaxy s6/galaxy s7 edge/note 5/s6 active wall charger with micro usb 2.0 cable by ixir compatible with samsung products ,67999,3.5
Samsung Pro Plus 128GB Class 10 MicroSDXC Memory Card,683,3.4
Sumsung S-View Fabric Cover for Galaxy S6 ,13999,4.4
Samsung Galaxy S9+ LED View Wallet Case Black,3246,4.2
Samsung Galaxy S7 Case S-View Clear Flip Cover - Silver ,15999,4.5
Samsung 128GB EVO Micro SDXC up to 48MB/s with Adapter ,6096,5.0
,999,4.5
Samsung EVO Plus 32GB 95MB/s Micro SDHC Memory Card with Adapter up to ,2490,4.0
Samsung Galaxy M51 ,24999,4.4
,23999,2.8
Samsung Galaxy Watch Active ,32999,4.5
,19985,3.8
,15999,1.5
Samsung Wireless Universal Fast Charge Pad ,2277,4.6
samsung iqshield liquidskin full screen coverage ,699,4.3
Samsung Galaxy S8+ Protective Cover Blue,4259,4.7
Samsung B100AE Battery For Samsung GT-S7898 GT-S7270 Galaxy Ace 3 3G GT-S7272,699,4.1
Samsung Touch Screen Digitizer Mobile Phone Repair Replacement Part for Galaxy Tab 3 10.1 GT-P5200 P5210 P5220 3G WiFi ,3899,3.7
Samsung Galaxy Gear Smart Watch Charging Cradle Dock ,9599,4.0
Samsung EB-F1M7FLU Battery for Galaxy S3 mini - Original OEM - Non-Retail Packaging - Grey,7000,3.9
Samsung Galaxy Watch Active ,6599,4.5
Samsung U Flex Bluetooth Wireless in-Ear Headphones HD Sound and Mic - with Car-Charger 4FT USB Kit ,499,4.2
Samsung Qi Certified Fast Charge Wireless Charger Pad ,2800,4.3
Samsung Galaxy M51 ,22999,4.4
Samsung EP-DG930DWBNDL MicroUSB / USB-C Fast Charge Wall Charger - White - Retail Packaging,4856,4.5
Samsung 128 GB Evo Plus Micro SDXC Memory Card for Samsung Galaxy S8/S 8 +/S7 and S 7 Edge,1599,4.6
Samsung Galaxy S7 Clear Cover Silver,990,3.0
Samsung A5 ,1999,4.0
Samsung EF-XG928CSEGIN Glitter Protective Back Cover Case for Galaxy S6 Edge Plus ,2200,4.3
Samsung USB Data Cable for Galaxy S3/S4/Note 2 & Other Smartphones 2 Pack - Non-Retail Packaging - White,1999,5.0
Samsung Galaxy ALPHA S VIEW Flip Cover Silver,16770,4.3
Samsung MB-MP32D MicroSD HC 32GB EVO Memory Card with Adapter,134998,4.3
Samsung 3.3 Ft. Cable Micro USB Data Cable for Galaxy S3/S4/Note 2 & Other Smartphones - Non-Retail Packaging - White,81999,4.2
Samsung Flip Case for Galaxy S4 - Black,81999,4.4
Samsung Galaxy S9 LED View Wallet Case Black - EF-NG960PBEGUS,81999,4.6
Samsung EF-RN950CNEGUS Galaxy Note8 Rugged Military Grade Protective Cover with Kickstand,85999,4.3
Samsung Galaxy S8 LED View Wallet Case Silver,37000,4.6
Samsung Alcantara Cover Case for Samsung Galaxy S8+ ,36000,4.4
Samsung Galaxy M51 ,22999,4.4
samsung galaxy note10 led protective back cover black,3499,5.0
Samsung Galaxy S10 Leather Cover ,3199,2.5
Samsung Galaxy S9 Silicone Protective Cover Mint Green,1499,3.0
,15999,3.0
,105999,2.5
,81990,2.5
,10299,3.0
,34200,3.0
,35000,1.0
,15999,4.9
,19999,4.6
,22999,5.0
Samsung Galaxy M51 ,22999,4.4
Samsung Galaxy Note 9 Screen Protector [HD Clear][9H Hardness][Anti-Bubble] Tempered Glass Screen Protector Compatible with Samsung Galaxy Note 9 [2-Pack],9799,3.0
Samsung EVO Plus Memory Card MicroSDXC w/Adapter 512GB Record and play 4K UHD without glitches100MB/s &90MB/s With superfast respectively3GB video to your notebook in just 38 seconds. Shoot flawless,539,4.3
samsung galaxy s8 plus wallet phone case with tempered glass screen protector credit card holder kickstand slim full body protective for glaxay s 8 note 8plus s8+ s8plus 8s edge women pink rose gold,739,4.0
,559,4.3
Samsung Galaxy J7 Refine / J7 Eon / J7 Star / J7 Crown / J7 Aura ,7800,5.0
Samsung Galaxy A6 Dual Layer Cover ,3499,4.9
SAMSUNG Galaxy A6 ,5608,3.7
Samsung 32GB MicroSD EVO Plus Series 95MB/s ,749,4.4
Samsung MicroSD EVO Plus Series 100MB/s ,999,4.7
Samsung Galaxy J7 Prime 2 Screen Protector IQ Shield LiQuidSkin Full Coverage Screen Protector for Samsung Galaxy J7 Prime 2 ,2990,4.4
Samsung Galaxy M51 ,22999,4.4
Samsung OEM 5-Feet Micro USB Data Sync Charging Cables for Galaxy S3/S4 - Non-Retail Packaging - White,3899,3.8
Samsung BP96-00250A Color Wheel,3399,4.2
Samsung Galaxy A9 Screen Protector ,1599,5.0
Samsung Evo Plus 32GB MicroSD HC Class 10 UHS1 Mobile Memory Card for Galaxy A8 A7 Tab A E 3V 9.7 8.0 inch V Plus J5 Grand Neo Plus Max Xcover 3 J1 Z1 with MemoryMarket MicroSD & SD Memory Card Reader,1483,4.2
Samsung Evo Plus 64GB MicroSD XC Ultra Class 10 Memory Card for Samsung Galaxy E7 E5 A5 A3 V S5 Plus Grand Core Prime Tab Active Note Edge 4 S Duos 3 with MemoryMarket MicroSD & SD Memory Card Reader,1179,4.6
Samsung Galaxy M51 ,24999,4.4
Samsung ECC1DU6BBE 5-Feet Micro USB Charging Cable - Original OEM - Non-Retail Packaging - Black,2490,4.0
Samsung Galaxy Note 510 Book Cover ,849,4.4
Samsung EF-BN510BPEGIN Kona Book Cover for Samsung Galaxy Note 510 ,249,3.0
Samsung OEM 2.0 Amp Travel Charger with Detachable Micro USB Cable for Samsung Galaxy Note Galaxy Note 2 II Galaxy S3 S III Galaxy S3 Mini & Other Smartphones,990,5.0
Samsung Flip Cover for Galaxy Note ,748,3.1
Samsung Desktop Dock for P7500 ,890,4.4
Samsung Desktop Dock for Galaxy S2 ,299,4.2
Samsung Vehicle Dock for Galaxy S2 ,790,4.4
Samsung Galaxy M51 ,22999,4.4
Samsung Galaxy S21,69999,4.2
Samsung Galaxy M51 ,24999,4.4
Samsung Galaxy M51 ,22999,4.4
